category,keyword
AI Agents,Multi-Agent Systems
AI Agents,Reasoning and Acting (ReAct)
Information Retrieval,Retrieval-Augmented Generation (RAG)
Large Language Models,Hallucination Mitigation in LLMs
Natural Language Processing,Contrastive Learning for Text
Computer Vision,Vision-Language Models (VLM)
AI Ethics,Bias and Fairness in AI
Software Engineering,AI-powered Code Generation
Healthcare AI,Privacy-Preserving Machine Learning
Robotics,Reinforcement Learning for Robot Control
Data Science,Automated Feature Engineering
Network Security,Intrusion Detection using Deep Learning
Finance AI,Agent-based Modeling in Financial Markets
Human-Computer Interaction,Explainable AI (XAI) interfaces
Climate Science,Machine Learning for Weather Prediction
Knowledge Graph,Neural Symbolic AI
Bioinformatics,Protein Structure Prediction with AI
Edge Computing,Model Compression for Mobile Devices
Blockchain,Smart Contract Vulnerability Detection
Recommendation Systems,Session-based Recommendation Agents
